{"cameraMode":{"drawMode":0,"name":"Shaded","section":"Shading Mode"},"sceneLighting":false,"audioPlay":false,"sceneViewState":{"showFog":true,"showMaterialUpdate":false,"showSkybox":true,"showFlares":true,"showImageEffects":true,"showParticleSystems":true},"in2DMode":false,"pivot":{"x":0.02988635003566742,"y":-0.06922197341918946,"z":7.975410461425781},"rotation":{"x":0.13653069734573365,"y":0.10233740508556366,"z":-0.014181560836732388,"w":0.9852336645126343},"size":3.5197649002075197,"orthographic":true}